id,arrival_time,execution_time,ddl,name,meta1,meta2,meta3
01,0,18s,20s,transcoding,game1,webm,
02,0,90s,100s,transcoding,trailer1,mp4,
03,5,140s,160s,transcoding,video1,mp4,
04,10,36s,40s,transcoding,game2,webm,
05,12,50s,55s,transcoding,trailer2,mp4,
06,15,170s,200s,hyperparam,spotify-songs,9,spotify_songs
07,15,175s,200s,hyperparam,car-evaluation,8,car_evaluation
08,15,28s,35s,transcoding,video2,mp4,
09,16,80s,85s,transcoding,trailer3,mp4,
10,17,40s,45s,transcoding,game3,webm,
11,20,25s,170s,transcoding,video3,mp4,
12,23,20s,170s,transcoding,video4,mp4,